{
    "Precision": 0.3333333333333333,
    "Recall": 0.3333333333333333,
    "F1": 0.3333333333333333,
    "Accuracy": 0.3333333333333333
}